firstName|lastName|email|contact|address|city|state|typestore|size|working employees|service,,,,,
Paul, Tanya, Kiona, Seth|Gilliam|et.malesuada@sociis.org|+91 6192081297|6071 Varius. Rd.|Ganganagar|RJ|Departmental|50|15|Delivery ,,
Peter, Larissa, Petra, Jonas|Palmer|nec@leoMorbineque.co.uk|+91 1677471733|P.O. Box 238, 1629 Pretium Street|Bokaro Steel City|JH|Departmental|50|37|Delivery ,
Cathleen, Bo, Cassady, Melvin|Doyle|mauris.sit.amet@ultricies.edu|+91 8109477270|P.O. Box 139, 4766 At Street|Hubli|KA|SuperMarket|50|5|Delivery ,
Aurelia, Shoshana, Irma, Lana|Good|imperdiet.nec@Nulla.ca|+91 0596131848|P.O. Box 109, 6854 Pede. Avenue|Chapra|Bihar|Departmental|50|32|Delivery ,
Macaulay, Dolan, Sara, Michelle|Christian|ornare.lectus.ante@imperdiet.ca|+91 3849390046|P.O. Box 380, 4150 Quisque Road|Mandya|KA|SuperMarket|50|1|Delivery ,
Gisela, Signe, Linus, Rogan|Carroll|ligula.Nullam.enim@egestas.net|+91 2505755920|483-3691 Mollis Rd.|Hazaribag|JH|General|150|36|Delivery ,,
Quinn, Lane, Lillith, Keane|Caldwell|vitae.diam@magnisdisparturient.edu|+91 8568662976|928-7300 Nec, Rd.|Bharuch|Gujarat|Departmental|50|6|Delivery ,
Melvin, Pandora, Skyler, Mona|Butler|laoreet@nullavulputatedui.org|+91 7992413917|P.O. Box 648, 5995 Eu Street|Meerut|UP|Departmental|50|12|Delivery ,
Joel, Raphael, Tiger, Lacota|Jones|ut.eros@Phasellusin.edu|+91 3915521848|Ap #757-9090 Malesuada St.|Jaranwala|Punjab|Departmental|150|41|Delivery ,,
Tarik, Cody, Leilani, Amber|Glass|at.iaculis@mitempor.com|+91 8641537187|Ap #180-8572 Erat. Rd.|Akola|Maharastra|Departmental|50|16|Delivery ,,
Yael, Phyllis, Zenaida, Kyla|Bond|in.hendrerit@quamCurabiturvel.edu|+91 1369205193|Ap #696-8958 Vestibulum Rd.|Lalbahadur Nagar|AP|Departmental|50|34|Delivery ,,
Reuben, Kelly, Emerson, Jeremy|Valentine|Aenean@velfaucibus.net|+91 2188212918|573-5527 Sit Ave|Alwar|RJ|General|100|2|Delivery ,,
Warren, Calvin, Todd, Anastasia|Compton|feugiat@arcu.org|+91 3691296855|Ap #291-5923 Nulla Rd.|Katihar|Bihar|Departmental|50|37|Delivery ,,
Jamal, Noelle, Montana, Upton|Yang|eros.Proin@tellusPhaselluselit.edu|+91 6862234807|P.O. Box 427, 2560 Cursus. Ave|Satara|Maharastra|Departmental|50|19|Delivery ,
Lysandra, Morgan, Ross, Yvette|Chang|dui@turpisegestasFusce.edu|+91 4417733013|P.O. Box 412, 4331 Sed Street|Saharanpur|UP|Departmental|50|5|Delivery ,
Neville, Quon, Burton, Eugenia|Hansen|egestas.hendrerit@est.edu|+91 5541061879|Ap #624-9975 Dignissim Ave|Gaya|BR|Departmental|150|27|Delivery ,,
Adrian, Quon, Cleo, Maxwell|Cardenas|turpis.Aliquam.adipiscing@necenim.edu|+91 6853738735|458-3351 In Rd.|Ganganagar|Rajasthan|Departmental|100|31|Delivery ,,
Grady, Grady, Felix, Florence|Patterson|rutrum.justo.Praesent@sodalesnisi.co.uk|+91 0742357587|Ap #260-9433 Suspendisse Av.|Pallavaram|TN|Departmental|50|21|Delivery ,,
Zephania, Ulric, Gage, Hall|Freeman|ante.blandit@ipsum.ca|+91 7913018934|P.O. Box 103, 1598 Auctor, Ave|Mira Bhayandar|MH|Departmental|150|8|Delivery 
Timothy, Tanner, Tanya, Kimberly|Knight|purus@ametfaucibus.co.uk|+91 7540017493|Ap #290-8968 Egestas Avenue|Allahabad|UP|Departmental|50|30|Delivery ,,
Buffy, Candice, Denton, Keely|Dickerson|dis.parturient@magnaDuis.ca|+91 8068948354|6914 Rhoncus. St.|Banda|Uttar Pradesh|Departmental|50|23|Delivery ,,
Larissa, Darryl, Mechelle, Lareina|Moran|enim.gravida@eget.edu|+91 6087290045|429 Erat, Avenue|Secunderabad|Andhra Pradesh|Departmental|50|31|Delivery ,
Alfreda, Wanda, Rhona, Katelyn|Crawford|in@nuncid.co.uk|+91 8113919743|748-1602 Ornare St.|Rajkot|GJ|Departmental|50|25|Delivery ,,
Griffith, Rooney, Azalia, Donovan|Blackwell|nec.luctus.felis@Sedmolestie.co.uk|+91 2567016102|651-8909 Libero Av.|Eluru|Andhra Pradesh|SuperMarket|150|21|Delivery ,,
Patience, Sebastian, Maris, Madeline|Roberts|est@pretiumet.com|+91 2157134500|1972 Ultrices Rd.|Nashik|Maharastra|SuperMarket|50|45|Delivery ,,
Noel, Lewis, Tanek, Upton|Johns|vel.faucibus@et.com|+91 1118581536|Ap #250-1382 Dictum St.|Bettiah|Bihar|Departmental|50|10|Delivery ,,
Aladdin, Ishmael, Zeph, Gloria|Kane|mauris.elit.dictum@necmetusfacilisis.net|+91 4981559560|370-6734 Tincidunt Avenue|Katihar|BR|Departmental|150|43|Delivery ,,
Adria, Sacha, Kelsey, Jaime|Wilkins|nibh@utmolestie.edu|+91 9891863740|Ap #606-3334 Lorem, Street|Timkur|KA|Departmental|50|31|Delivery ,
Cleo, Colleen, Amethyst, Yeo|Lindsay|eget@aliquamerosturpis.net|+91 4355851308|P.O. Box 469, 2725 Mauris Street|Sagar|Madhya Pradesh|Departmental|150|49|Delivery ,
Victoria, Hyatt, Abigail, Charde|Wilcox|ac.eleifend.vitae@Proin.com|+91 2369547277|Ap #304-2367 Orci Rd.|Hugli-Chinsurah|West Bengal|General|50|6|Delivery ,,
Linda, Lila, Thomas, Wesley|Talley|id.risus.quis@ipsum.co.uk|+91 5860525392|Ap #283-1022 Integer St.|Korba|CT|Departmental|50|6|Delivery ,,
Leo, Angela, Lance, Jade|Collier|volutpat@hendrerit.edu|+91 4302630857|966-3217 Vitae Ave|Vellore|Tamil Nadu|General|50|33|Delivery ,,
Keefe, Jarrod, Pamela, Nigel|Howe|ut.ipsum@magna.org|+91 5359482689|5250 Et Street|Allappuzha|Kerala|Departmental|50|42|Delivery ,,
Curran, Nathan, Macaulay, Sage|Cobb|lobortis.quam@sagittis.net|+91 8516752191|837-7945 Quis, Street|Delhi|DL|SuperMarket|50|40|Delivery ,
Baxter, Ciaran, Josephine, Teagan|Pearson|nec.tellus@risusQuisquelibero.org|+91 1899935436|571-5108 Bibendum Avenue|Allappuzha|KL|General|50|12|Delivery ,,
Hyatt, Isaiah, Faith, Ariana|Puckett|montes.nascetur@diamPellentesque.ca|+91 4051898854|5634 At Rd.|Dindigul|TN|SuperMarket|50|41|Delivery ,,
Eden, Blake, Arthur, Merrill|Prince|Cras.vulputate@scelerisquemollisPhasellus.net|+91 0987443049|2411 Volutpat Rd.|Darbhanga|BR|Departmental|50|5|Delivery ,,
Deborah, Tucker, Melvin, Asher|Robbins|dolor.Quisque.tincidunt@orcilobortis.ca|+91 8318490866|771-4994 Inceptos Ave|Raichur|KA|General|50|1|Delivery ,,
Dylan, Germane, Adena, Elton|Hoffman|eu@Nulla.net|+91 7828927053|824-8679 Venenatis Rd.|Kollam|Kerala|Departmental|50|35|Delivery ,,
Pascale, Darrel, Regan, Odessa|Pruitt|Nullam@tristiqueaceleifend.net|+91 2161422559|7612 Vitae Ave|Burhanpur|Madhya Pradesh|Departmental|50|28|Delivery ,,
Callum, Boris, Keefe, Mira|Parrish|Nunc.laoreet.lectus@Pellentesquehabitant.com|+91 9416012836|Ap #343-8214 Tellus St.|Ujjain|MP|Departmental|250|41|Delivery ,,
Travis, Medge, Amena, Uma|Mullins|malesuada@feugiatmetus.co.uk|+91 7670588204|Ap #758-8430 Ultrices Ave|Eluru|Andhra Pradesh|General|50|1|Delivery ,,
Uma, Stone, Alexa, Rebecca|Cote|ultricies@nuncrisus.org|+91 1421432649|P.O. Box 714, 1075 Dignissim Ave|Hindupur|AP|Departmental|50|20|Delivery ,
Ivy, Victor, William, Iona|Howard|lobortis@augue.ca|+91 2255379885|Ap #276-3992 Nascetur Street|Katihar|BR|Departmental|50|8|Delivery ,,
Aurelia, Heidi, Daphne, Harper|Vaughn|aliquam@ullamcorper.edu|+91 9410430076|Ap #883-7895 Molestie Rd.|Bihar Sharif|BR|Departmental|50|47|Delivery ,,
Rigel, Madison, Nola, Caldwell|Nixon|Integer.urna.Vivamus@enim.edu|+91 8347316539|Ap #662-3319 Proin Ave|Morvi|Gujarat|Departmental|50|37|Delivery ,,
Darius, Candice, Michael, Freya|Graves|vel@fermentumconvallisligula.co.uk|+91 5836498929|4860 Nam Street|North Dum Dum|West Bengal|Departmental|50|28|Delivery ,,
Kerry, Tamekah, Morgan, Flavia|Ellis|sapien@eget.org|+91 8579735689|Ap #813-8182 Fusce St.|Machilipatnam|Andhra Pradesh|Departmental|250|48|Delivery ,,
Louis, Harding, Graham, Kalia|Rojas|scelerisque@arcuVestibulum.org|+91 2169304768|P.O. Box 468, 4099 Magna Avenue|Mandya|Karnataka|Departmental|50|10|Delivery ,
Jonah, Alika, Kane, Bruno|Townsend|Sed.eu@Quisque.edu|+91 4992760259|9615 Cursus Avenue|Kanchipuram|TN|Departmental|50|19|Delivery ,,
Mariko, Jaime, Kasper, Xavier|Bishop|est.Nunc.laoreet@vestibulumlorem.co.uk|+91 0697516057|634-1746 Iaculis Road|Guwahati|Assam|Departmental|50|16|Delivery ,,
Lilah, Blossom, Dara, Lucas|Mcmahon|Cras.lorem@leoCrasvehicula.com|+91 2535762129|1006 Sit Av.|Kanpur Cantonment|UP|Departmental|250|41|Delivery ,,
Ignacia, Laith, Lila, Deborah|Blackwell|Phasellus@at.edu|+91 9033369131|P.O. Box 241, 4993 A, Av.|Surendranagar|Gujarat|Departmental|50|13|Delivery 
Hop, Oleg, Dakota, Lester|Holmes|nibh.dolor@molestietellusAenean.edu|+91 2255588504|7669 Commodo Rd.|Bhagalpur|Bihar|Departmental|50|44|Delivery ,,
Keefe, Macaulay, Rhona, Deborah|Fisher|dapibus.ligula@necurnaet.org|+91 1780628071|P.O. Box 147, 3172 Sit Avenue|Hospet|KA|Departmental|100|7|Delivery ,
Giacomo, Colton, Lesley, Orlando|Waters|mus.Proin@elitAliquamauctor.com|+91 4160204803|Ap #513-5917 Ultricies Rd.|Gangtok|Sikkim|Departmental|50|47|Delivery ,,
Reese, Fulton, Brent, Britanni|Russo|interdum.enim@anunc.com|+91 9881388862|Ap #107-9155 Lectus St.|Bettiah|BR|Departmental|50|1|Delivery ,,
Chancellor, Hiram, Athena, Wallace|Oconnor|Quisque.nonummy.ipsum@Quisqueornaretortor.ca|+91 6081338132|376-8040 Mauris, Avenue|Jaipur|Rajasthan|Departmental|100|8|Delivery ,
Ahmed, Jason, Robert, MacKensie|Vaughan|elit.Etiam.laoreet@miacmattis.com|+91 3946804699|274-2665 Feugiat Avenue|Nadiad|GJ|Departmental|50|41|Delivery ,,
Nissim, Blaze, Anika, Maggy|Wade|eros@Vivamusmolestie.co.uk|+91 6122913076|7006 Curabitur St.|Siliguri|WB|Departmental|50|34|Delivery ,,
Francis, Vivien, Carla, Giacomo|Atkinson|molestie.tellus.Aenean@vitaeorciPhasellus.com|+91 8830777284|307-581 Turpis. Av.|Kota|Rajasthan|Departmental|50|27|Delivery ,,
Jessica, Edward, Naida, Vivien|Brewer|tellus.faucibus.leo@lectusconvallis.edu|+91 6073463356|5808 Elementum, Avenue|Arrah|BR|Departmental|100|43|Delivery ,
Harriet, Ursa, Tate, Amber|Mckay|diam.eu@estNunclaoreet.ca|+91 1984949542|Ap #509-7764 Gravida Ave|Brahmapur|OR|Departmental|50|41|Delivery ,,
Claire, Sylvester, Kelsey, Justina|Strong|mi@sedleoCras.ca|+91 7688922777|3193 Libero. Avenue|Dibrugarh|Assam|Departmental|50|47|Delivery ,,
Lamar, Reese, Jason, Amal|Richards|ligula.Aliquam@Sedeueros.org|+91 2913739185|P.O. Box 592, 9420 Nulla Rd.|Pak Pattan|Punjab|Departmental|50|28|Delivery ,
Dahlia, Brenden, Gray, Vincent|Combs|fermentum.fermentum@estNuncullamcorper.org|+91 2216906833|525-5719 Nec, Road|Guwahati|Assam|Departmental|250|36|Delivery ,
Beatrice, Chelsea, Bo, Abigail|Anthony|Duis.volutpat.nunc@Nunc.ca|+91 3469008413|Ap #717-1668 Mollis Rd.|Kumbakonam|TN|Departmental|50|44|Delivery ,,
Edward, Gail, Joseph, Odysseus|Simon|blandit.mattis.Cras@Quisquenonummyipsum.org|+91 8314415132|947-5222 Cras St.|Thane|Maharastra|Departmental|50|36|Delivery ,,
Aaron, Marny, Farrah, Owen|Rogers|elit.erat@Crasinterdum.ca|+91 2116972267|362-5470 Fusce Ave|Barrackpur|West Bengal|Departmental|50|17|Delivery ,,
Marsden, Cedric, Denton, Cameron|Harrington|purus.gravida.sagittis@Mauris.org|+91 3926996034|603-8110 Rutrum. St.|Sasaram|Bihar|Departmental|50|36|Delivery ,,
Isadora, Nora, Zelenia, Malcolm|Sykes|Phasellus@faucibuslectus.net|+91 2882920083|6547 Proin Rd.|Jaunpur|Uttar Pradesh|Departmental|50|8|Delivery ,,
Sophia, Jocelyn, Imogene, Levi|Carr|non.lorem@nislsemconsequat.edu|+91 7642848135|Ap #883-7402 Donec St.|Budaun|UP|Departmental|50|2|Delivery ,,
Emerson, Kendall, Stewart, Anne|Potter|eu@dignissim.net|+91 4102540023|163-8276 Curae; Street|Purulia|JH|Departmental|250|37|Delivery ,,
Mannix, Wyoming, Clarke, Ralph|Parsons|viverra.Donec.tempus@ultricesaauctor.edu|+91 5001671430|816-9967 A Rd.|Allahabad|UP|Departmental|50|17|Delivery ,,
Chantale, Jeanette, Blythe, Rama|Rodriquez|ultricies.dignissim.lacus@ategestas.ca|+91 9253113060|P.O. Box 983, 2620 Ipsum St.|Dewas|Madhya Pradesh|Departmental|50|26|Delivery ,
Maile, Isabelle, Alvin, Jemima|Stephenson|vel@diamPellentesque.com|+91 7843754866|Ap #790-589 Orci Ave|Katihar|Bihar|Departmental|50|20|Delivery ,,
Emily, Zachery, Lavinia, Olivia|Moran|lectus.pede@tincidunt.org|+91 0649700471|Ap #482-5000 Aliquet Road|Barahanagar|WB|Departmental|50|45|Delivery ,,
Nelle, Iola, Yetta, Echo|Olsen|Aenean@hendrerit.org|+91 5748196310|781-369 Ante. Av.|Jamshedpur|JH|Departmental|50|29|Delivery ,,
Dustin, Ivy, Rachel, Aquila|Holden|odio@Proinnon.co.uk|+91 8749661179|967-2153 Nunc Rd.|Gadag Betigeri|KA|Departmental|250|35|Delivery ,,
Mufutau, Audra, Amity, Kirk|Gates|Mauris.ut.quam@lacusQuisque.com|+91 8557187557|P.O. Box 766, 6824 Viverra. Rd.|Amroha|Uttar Pradesh|Departmental|50|9|Delivery ,
Cailin, Bernard, Xyla, Beck|Conrad|ultrices.posuere@Proin.co.uk|+91 7434876751|P.O. Box 453, 3139 Turpis Street|Bhagalpur|BR|Departmental|50|29|Delivery ,
Branden, Malachi, Ferdinand, Ross|Hoover|sit.amet@mus.co.uk|+91 0933469707|120-1380 Urna Avenue|Gwalior|Madhya Pradesh|General|50|31|Delivery ,,
Rebekah, Medge, Jasper, Ariel|Nichols|Mauris@etrutrum.ca|+91 3820450370|9437 Tellus Avenue|Kanchipuram|TN|Departmental|50|30|Delivery ,,
Kai, Samantha, Xerxes, Charissa|Hale|mattis.velit@nequeInornare.edu|+91 4929247748|P.O. Box 173, 3135 Mi Road|Sonipat|HR|Departmental|50|45|Delivery ,
Chester, September, Gay, Maia|Alvarez|in.dolor@justonec.edu|+91 3320855936|Ap #393-7797 Et St.|Agra|UP|Departmental|50|21|Delivery ,,
Alexander, Casey, Bruno, Rhoda|Harris|non.dui@consequatdolorvitae.ca|+91 7892433084|144-7015 Blandit Rd.|Jammu|Jammu and Kashmir|Departmental|50|43|Delivery ,,
Nigel, Ross, Ryan, Dieter|Salas|diam@molestiesodalesMauris.org|+91 7321175859|7315 Ac Av.|Panjim|GA|Departmental|50|28|Delivery ,,
Nicholas, Knox, Lynn, Cassandra|Lyons|dapibus.id@Aliquameratvolutpat.net|+91 0046463600|Ap #703-5192 Erat. Ave|Kanpur|UP|Departmental|50|23|Delivery ,,
Camden, Gabriel, Ila, Aaron|Graham|Curabitur.dictum@ligulaNullamenim.org|+91 5396264068|P.O. Box 535, 1767 In Avenue|Arrah|Bihar|Departmental|50|4|Delivery ,
Malcolm, Camden, Carter, Taylor|Hayden|semper@Fusce.edu|+91 8189980088|1371 Feugiat Road|Karnal|Haryana|Departmental|50|15|Delivery ,,
Upton, Anne, Ora, Marsden|Raymond|dui@infelis.ca|+91 5457558386|5311 Ac St.|Jaunpur|Uttar Pradesh|Departmental|50|18|Delivery ,,
Hilel, Ginger, Kirby, Camille|Bean|nec@molestietellusAenean.edu|+91 4181177726|715-2301 Nibh Road|Pilibhit|UP|General|50|36|Delivery ,,
Rajah, Jordan, Giselle, Amelia|Ballard|euismod.et.commodo@cubiliaCurae.com|+91 9409495078|P.O. Box 751, 3915 Fermentum Rd.|Bhir|Maharastra|Departmental|50|18|Delivery ,
India, Audra, Ruby, Sydney|Hampton|luctus@sollicitudinadipiscingligula.net|+91 8656911672|8723 Dolor Rd.|Tiruppur|Tamil Nadu|Departmental|50|10|Delivery ,,
Austin, Gage, Raven, Leandra|Ingram|turpis.egestas.Aliquam@a.net|+91 4872343228|379-7471 Mi Avenue|Vejalpur|GJ|Departmental|50|28|Delivery ,,
Pandora, Whoopi, Damon, Sade|Lamb|semper.cursus.Integer@maurisrhoncusid.org|+91 8648710605|851-813 Mauris Rd.|Banda|UP|Departmental|50|42|Delivery ,,
Austin, Quemby, Briar, Mona|Spence|ut.mi.Duis@ultriciesdignissimlacus.net|+91 2947191521|606-1354 Et, Rd.|Timkur|Karnataka|Departmental|50|49|Delivery ,
Marshall, Autumn, Theodore, Rana|Stein|primis.in@malesuadafringilla.org|+91 4875766400|P.O. Box 396, 8360 Nulla St.|Vishakhapatnam|Andhra Pradesh|Departmental|50|42|Delivery ,
Stephen, Uma, Kareem, Derek|Horn|nisi.nibh@pede.net|+91 6936174651|827-6668 Sed Rd.|Raj Nandgaon|CT|Departmental|50|34|Delivery ,,
Natalie, Declan, Donna, Vladimir|Vega|Duis.elementum@idrisusquis.org|+91 9048418030|4285 Cursus, St.|Wardha|Maharastra|Departmental|50|50|Delivery ,
